<?xml version="1.0" encoding="UTF-8" ?>
<!DOCTYPE configuration 
PUBLIC "-//mybatis.org//DTD Config 3.0//EN"
"http://mybatis.org/dtd/mybatis-3-config.dtd">

<configuration>

<!-- 디비 연결 정보(프라러티) 파일 연결  -->


<!-- VO 클래스들의 별칭 등록  -->



<environments default="development">
<environment id="development">
<transactionManager type="JDBC"/>
<dataSource type="POOLED">

<property name="driver" value="${jdbc.driver}"/>
<property name="url" value="${jdbc.url}"/>
<property name="username" value="${jdbc.username}"/>
<property name="password" value="${jdbc.password}"/>

</dataSource>
</environment>
</environments>

<!-- 해당매퍼들을 여기에 등록  -->
<mappers>
<mapper resource="mybatis/mapper/CommentMapper.xml"/>
</mappers>
</configuration>