<?xml version="1.0" encoding="UTF-8" ?>
<!DOCTYPE configuration 
PUBLIC "-//mybatis.org//DTD Config 3.0//EN"
"http://mybatis.org/dtd/mybatis-3-config.dtd">

<configuration>

<!-- 디비 연결 정보(프라러티) 파일 연결  -->
<properties resource="dbconnect.properties">
</properties>

<!-- 낙타표기법과 언더바표기법 자동 맞추기 -->
<settings>
	<setting name="mapUnderscoreToCamelCase" value="true"/>
</settings>

<!-- VO 클래스들의 별칭 등록  -->
<typeAliases>
	<typeAlias type="mybatis.guest.model.Comment" alias="comment"/>
	<typeAlias type="mbts.mvcGuest.model.Message" alias="message"/>
</typeAliases>

<environments default="development">
<environment id="development">
<transactionManager type="JDBC"/>
<dataSource type="POOLED">

<property name="driver" value="${jdbc.driver}"/>
<property name="url" value="${jdbc.url}"/>
<property name="username" value="${jdbc.username}"/>
<property name="password" value="${jdbc.password}"/>

</dataSource>
</environment>
</environments>

<!-- 해당매퍼들을 여기에 등록  -->
<mappers>
<mapper resource="mybatis/guest/mapper/CommentMapper.xml"/>
<mapper resource="mbts/mvcGuest/mapper/MessageMapper.xml"/>
</mappers>
</configuration>